"set_number","set_name","type","url","file","confidence","note"
"75325","The Mandalorianâ€™s N-1 Starfighter","box","https://images.brickset.com/sets/large/75325-1.jpg?202202140910","C:\Users\auto_\Dropbox\AI_Shared\Wise_Bricks\Wise Bricks\Content\MVP\set-images\75325\box.jpg","high","main set image"
"75325","The Mandalorianâ€™s N-1 Starfighter","alt","https://images.brickset.com/sets/AdditionalImages/75325-1/75325_26567.jpg","C:\Users\auto_\Dropbox\AI_Shared\Wise_Bricks\Wise Bricks\Content\MVP\set-images\75325\75325_26567.jpg","n/a","additional image"
"75325","The Mandalorianâ€™s N-1 Starfighter","alt","https://images.brickset.com/sets/AdditionalImages/75325-1/75325_alt1.jpg","C:\Users\auto_\Dropbox\AI_Shared\Wise_Bricks\Wise Bricks\Content\MVP\set-images\75325\75325_alt1.jpg","n/a","additional image"
"75325","The Mandalorianâ€™s N-1 Starfighter","alt","https://images.brickset.com/sets/AdditionalImages/75325-1/75325_alt2.jpg","C:\Users\auto_\Dropbox\AI_Shared\Wise_Bricks\Wise Bricks\Content\MVP\set-images\75325\75325_alt2.jpg","n/a","additional image"
"75325","The Mandalorianâ€™s N-1 Starfighter","alt","https://images.brickset.com/sets/AdditionalImages/75325-1/75325_alt3.jpg","C:\Users\auto_\Dropbox\AI_Shared\Wise_Bricks\Wise Bricks\Content\MVP\set-images\75325\75325_alt3.jpg","n/a","additional image"
"75325","The Mandalorianâ€™s N-1 Starfighter","alt","https://images.brickset.com/sets/AdditionalImages/75325-1/75325_alt4.jpg","C:\Users\auto_\Dropbox\AI_Shared\Wise_Bricks\Wise Bricks\Content\MVP\set-images\75325\75325_alt4.jpg","n/a","additional image"
"75325","The Mandalorianâ€™s N-1 Starfighter","alt","https://images.brickset.com/sets/AdditionalImages/75325-1/75325_alt5.jpg","C:\Users\auto_\Dropbox\AI_Shared\Wise_Bricks\Wise Bricks\Content\MVP\set-images\75325\75325_alt5.jpg","n/a","additional image"
"75325","The Mandalorianâ€™s N-1 Starfighter","alt","https://images.brickset.com/sets/AdditionalImages/75325-1/75325_alt6.jpg","C:\Users\auto_\Dropbox\AI_Shared\Wise_Bricks\Wise Bricks\Content\MVP\set-images\75325\75325_alt6.jpg","n/a","additional image"
"75325","The Mandalorianâ€™s N-1 Starfighter","play_candidate","https://images.brickset.com/sets/AdditionalImages/75325-1/75325_26567.jpg","C:\Users\auto_\Dropbox\AI_Shared\Wise_Bricks\Wise Bricks\Content\MVP\set-images\75325\75325_26567.jpg","medium","heuristic"
"75325","The Mandalorianâ€™s N-1 Starfighter","natural_candidate","https://images.brickset.com/sets/AdditionalImages/75325-1/75325_alt1.jpg","C:\Users\auto_\Dropbox\AI_Shared\Wise_Bricks\Wise Bricks\Content\MVP\set-images\75325\75325_alt1.jpg","low","heuristic"
"75325","The Mandalorianâ€™s N-1 Starfighter","hero_candidate","https://images.brickset.com/sets/AdditionalImages/75325-1/75325_26567.jpg","C:\Users\auto_\Dropbox\AI_Shared\Wise_Bricks\Wise Bricks\Content\MVP\set-images\75325\75325_26567.jpg","medium","heuristic"
"75333","Obi-Wan Kenobiâ€™s Jedi Starfighter","box","https://images.brickset.com/sets/large/75333-1.jpg?202201040355","C:\Users\auto_\Dropbox\AI_Shared\Wise_Bricks\Wise Bricks\Content\MVP\set-images\75333\box.jpg","high","main set image"
"75333","Obi-Wan Kenobiâ€™s Jedi Starfighter","alt","https://images.brickset.com/sets/AdditionalImages/75333-1/75333_alt1.jpg","C:\Users\auto_\Dropbox\AI_Shared\Wise_Bricks\Wise Bricks\Content\MVP\set-images\75333\75333_alt1.jpg","n/a","additional image"
"75333","Obi-Wan Kenobiâ€™s Jedi Starfighter","alt","https://images.brickset.com/sets/AdditionalImages/75333-1/75333_alt2.jpg","C:\Users\auto_\Dropbox\AI_Shared\Wise_Bricks\Wise Bricks\Content\MVP\set-images\75333\75333_alt2.jpg","n/a","additional image"
"75333","Obi-Wan Kenobiâ€™s Jedi Starfighter","alt","https://images.brickset.com/sets/AdditionalImages/75333-1/75333_alt3.jpg","C:\Users\auto_\Dropbox\AI_Shared\Wise_Bricks\Wise Bricks\Content\MVP\set-images\75333\75333_alt3.jpg","n/a","additional image"
"75333","Obi-Wan Kenobiâ€™s Jedi Starfighter","alt","https://images.brickset.com/sets/AdditionalImages/75333-1/75333_alt4.jpg","C:\Users\auto_\Dropbox\AI_Shared\Wise_Bricks\Wise Bricks\Content\MVP\set-images\75333\75333_alt4.jpg","n/a","additional image"
"75333","Obi-Wan Kenobiâ€™s Jedi Starfighter","alt","https://images.brickset.com/sets/AdditionalImages/75333-1/75333_alt5.jpg","C:\Users\auto_\Dropbox\AI_Shared\Wise_Bricks\Wise Bricks\Content\MVP\set-images\75333\75333_alt5.jpg","n/a","additional image"
"75333","Obi-Wan Kenobiâ€™s Jedi Starfighter","alt","https://images.brickset.com/sets/AdditionalImages/75333-1/75333_alt6.jpg","C:\Users\auto_\Dropbox\AI_Shared\Wise_Bricks\Wise Bricks\Content\MVP\set-images\75333\75333_alt6.jpg","n/a","additional image"
"75333","Obi-Wan Kenobiâ€™s Jedi Starfighter","alt","https://images.brickset.com/sets/AdditionalImages/75333-1/75333_alt7.jpg","C:\Users\auto_\Dropbox\AI_Shared\Wise_Bricks\Wise Bricks\Content\MVP\set-images\75333\75333_alt7.jpg","n/a","additional image"
"75333","Obi-Wan Kenobiâ€™s Jedi Starfighter","alt","https://images.brickset.com/sets/AdditionalImages/75333-1/75333_alt8.jpg","C:\Users\auto_\Dropbox\AI_Shared\Wise_Bricks\Wise Bricks\Content\MVP\set-images\75333\75333_alt8.jpg","n/a","additional image"
"75333","Obi-Wan Kenobiâ€™s Jedi Starfighter","play_candidate","https://images.brickset.com/sets/AdditionalImages/75333-1/75333_alt1.jpg","C:\Users\auto_\Dropbox\AI_Shared\Wise_Bricks\Wise Bricks\Content\MVP\set-images\75333\75333_alt1.jpg","medium","heuristic"
"75333","Obi-Wan Kenobiâ€™s Jedi Starfighter","natural_candidate","https://images.brickset.com/sets/AdditionalImages/75333-1/75333_alt2.jpg","C:\Users\auto_\Dropbox\AI_Shared\Wise_Bricks\Wise Bricks\Content\MVP\set-images\75333\75333_alt2.jpg","low","heuristic"
"75333","Obi-Wan Kenobiâ€™s Jedi Starfighter","hero_candidate","https://images.brickset.com/sets/AdditionalImages/75333-1/75333_alt1.jpg","C:\Users\auto_\Dropbox\AI_Shared\Wise_Bricks\Wise Bricks\Content\MVP\set-images\75333\75333_alt1.jpg","medium","heuristic"
"75337","AT-TE Walker","box","https://images.brickset.com/sets/large/75337-1.jpg?202201040356","C:\Users\auto_\Dropbox\AI_Shared\Wise_Bricks\Wise Bricks\Content\MVP\set-images\75337\box.jpg","high","main set image"
"75337","AT-TE Walker","alt","https://images.brickset.com/sets/AdditionalImages/75337-1/75337_alt1.jpg","C:\Users\auto_\Dropbox\AI_Shared\Wise_Bricks\Wise Bricks\Content\MVP\set-images\75337\75337_alt1.jpg","n/a","additional image"
"75337","AT-TE Walker","alt","https://images.brickset.com/sets/AdditionalImages/75337-1/75337_alt10.jpg","C:\Users\auto_\Dropbox\AI_Shared\Wise_Bricks\Wise Bricks\Content\MVP\set-images\75337\75337_alt10.jpg","n/a","additional image"
"75337","AT-TE Walker","alt","https://images.brickset.com/sets/AdditionalImages/75337-1/75337_alt2.jpg","C:\Users\auto_\Dropbox\AI_Shared\Wise_Bricks\Wise Bricks\Content\MVP\set-images\75337\75337_alt2.jpg","n/a","additional image"
"75337","AT-TE Walker","alt","https://images.brickset.com/sets/AdditionalImages/75337-1/75337_alt3.jpg","C:\Users\auto_\Dropbox\AI_Shared\Wise_Bricks\Wise Bricks\Content\MVP\set-images\75337\75337_alt3.jpg","n/a","additional image"
"75337","AT-TE Walker","alt","https://images.brickset.com/sets/AdditionalImages/75337-1/75337_alt4.jpg","C:\Users\auto_\Dropbox\AI_Shared\Wise_Bricks\Wise Bricks\Content\MVP\set-images\75337\75337_alt4.jpg","n/a","additional image"
"75337","AT-TE Walker","alt","https://images.brickset.com/sets/AdditionalImages/75337-1/75337_alt5.jpg","C:\Users\auto_\Dropbox\AI_Shared\Wise_Bricks\Wise Bricks\Content\MVP\set-images\75337\75337_alt5.jpg","n/a","additional image"
"75337","AT-TE Walker","alt","https://images.brickset.com/sets/AdditionalImages/75337-1/75337_alt6.jpg","C:\Users\auto_\Dropbox\AI_Shared\Wise_Bricks\Wise Bricks\Content\MVP\set-images\75337\75337_alt6.jpg","n/a","additional image"
"75337","AT-TE Walker","alt","https://images.brickset.com/sets/AdditionalImages/75337-1/75337_alt7.jpg","C:\Users\auto_\Dropbox\AI_Shared\Wise_Bricks\Wise Bricks\Content\MVP\set-images\75337\75337_alt7.jpg","n/a","additional image"
"75337","AT-TE Walker","alt","https://images.brickset.com/sets/AdditionalImages/75337-1/75337_alt8.jpg","C:\Users\auto_\Dropbox\AI_Shared\Wise_Bricks\Wise Bricks\Content\MVP\set-images\75337\75337_alt8.jpg","n/a","additional image"
"75337","AT-TE Walker","alt","https://images.brickset.com/sets/AdditionalImages/75337-1/75337_alt9.jpg","C:\Users\auto_\Dropbox\AI_Shared\Wise_Bricks\Wise Bricks\Content\MVP\set-images\75337\75337_alt9.jpg","n/a","additional image"
"75337","AT-TE Walker","play_candidate","https://images.brickset.com/sets/AdditionalImages/75337-1/75337_alt1.jpg","C:\Users\auto_\Dropbox\AI_Shared\Wise_Bricks\Wise Bricks\Content\MVP\set-images\75337\75337_alt1.jpg","medium","heuristic"
"75337","AT-TE Walker","natural_candidate","https://images.brickset.com/sets/AdditionalImages/75337-1/75337_alt10.jpg","C:\Users\auto_\Dropbox\AI_Shared\Wise_Bricks\Wise Bricks\Content\MVP\set-images\75337\75337_alt10.jpg","low","heuristic"
"75337","AT-TE Walker","hero_candidate","https://images.brickset.com/sets/AdditionalImages/75337-1/75337_alt1.jpg","C:\Users\auto_\Dropbox\AI_Shared\Wise_Bricks\Wise Bricks\Content\MVP\set-images\75337\75337_alt1.jpg","medium","heuristic"
"75345","501st Clone Troopers Battle Pack","box","https://images.brickset.com/sets/large/75345-1.jpg?202212060202","C:\Users\auto_\Dropbox\AI_Shared\Wise_Bricks\Wise Bricks\Content\MVP\set-images\75345\box.jpg","high","main set image"
"75345","501st Clone Troopers Battle Pack","alt","https://images.brickset.com/sets/AdditionalImages/75345-1/75345_alt1.jpg","C:\Users\auto_\Dropbox\AI_Shared\Wise_Bricks\Wise Bricks\Content\MVP\set-images\75345\75345_alt1.jpg","n/a","additional image"
"75345","501st Clone Troopers Battle Pack","alt","https://images.brickset.com/sets/AdditionalImages/75345-1/75345_alt2.jpg","C:\Users\auto_\Dropbox\AI_Shared\Wise_Bricks\Wise Bricks\Content\MVP\set-images\75345\75345_alt2.jpg","n/a","additional image"
"75345","501st Clone Troopers Battle Pack","alt","https://images.brickset.com/sets/AdditionalImages/75345-1/75345_alt3.jpg","C:\Users\auto_\Dropbox\AI_Shared\Wise_Bricks\Wise Bricks\Content\MVP\set-images\75345\75345_alt3.jpg","n/a","additional image"
"75345","501st Clone Troopers Battle Pack","alt","https://images.brickset.com/sets/AdditionalImages/75345-1/75345_alt4.jpg","C:\Users\auto_\Dropbox\AI_Shared\Wise_Bricks\Wise Bricks\Content\MVP\set-images\75345\75345_alt4.jpg","n/a","additional image"
"75345","501st Clone Troopers Battle Pack","alt","https://images.brickset.com/sets/AdditionalImages/75345-1/75345_alt5.jpg","C:\Users\auto_\Dropbox\AI_Shared\Wise_Bricks\Wise Bricks\Content\MVP\set-images\75345\75345_alt5.jpg","n/a","additional image"
"75345","501st Clone Troopers Battle Pack","alt","https://images.brickset.com/sets/AdditionalImages/75345-1/75345_alt6.jpg","C:\Users\auto_\Dropbox\AI_Shared\Wise_Bricks\Wise Bricks\Content\MVP\set-images\75345\75345_alt6.jpg","n/a","additional image"
"75345","501st Clone Troopers Battle Pack","alt","https://images.brickset.com/sets/AdditionalImages/75345-1/75345_alt7.jpg","C:\Users\auto_\Dropbox\AI_Shared\Wise_Bricks\Wise Bricks\Content\MVP\set-images\75345\75345_alt7.jpg","n/a","additional image"
"75345","501st Clone Troopers Battle Pack","play_candidate","https://images.brickset.com/sets/AdditionalImages/75345-1/75345_alt1.jpg","C:\Users\auto_\Dropbox\AI_Shared\Wise_Bricks\Wise Bricks\Content\MVP\set-images\75345\75345_alt1.jpg","medium","heuristic"
"75345","501st Clone Troopers Battle Pack","natural_candidate","https://images.brickset.com/sets/AdditionalImages/75345-1/75345_alt2.jpg","C:\Users\auto_\Dropbox\AI_Shared\Wise_Bricks\Wise Bricks\Content\MVP\set-images\75345\75345_alt2.jpg","low","heuristic"
"75345","501st Clone Troopers Battle Pack","hero_candidate","https://images.brickset.com/sets/AdditionalImages/75345-1/75345_alt1.jpg","C:\Users\auto_\Dropbox\AI_Shared\Wise_Bricks\Wise Bricks\Content\MVP\set-images\75345\75345_alt1.jpg","medium","heuristic"
"75347","TIE Bomber","box","https://images.brickset.com/sets/large/75347-1.jpg?202212060212","C:\Users\auto_\Dropbox\AI_Shared\Wise_Bricks\Wise Bricks\Content\MVP\set-images\75347\box.jpg","high","main set image"
"75347","TIE Bomber","alt","https://images.brickset.com/sets/AdditionalImages/75347-1/75347_alt1.jpg","C:\Users\auto_\Dropbox\AI_Shared\Wise_Bricks\Wise Bricks\Content\MVP\set-images\75347\75347_alt1.jpg","n/a","additional image"
"75347","TIE Bomber","alt","https://images.brickset.com/sets/AdditionalImages/75347-1/75347_alt2.jpg","C:\Users\auto_\Dropbox\AI_Shared\Wise_Bricks\Wise Bricks\Content\MVP\set-images\75347\75347_alt2.jpg","n/a","additional image"
"75347","TIE Bomber","alt","https://images.brickset.com/sets/AdditionalImages/75347-1/75347_alt3.jpg","C:\Users\auto_\Dropbox\AI_Shared\Wise_Bricks\Wise Bricks\Content\MVP\set-images\75347\75347_alt3.jpg","n/a","additional image"
"75347","TIE Bomber","alt","https://images.brickset.com/sets/AdditionalImages/75347-1/75347_alt4.jpg","C:\Users\auto_\Dropbox\AI_Shared\Wise_Bricks\Wise Bricks\Content\MVP\set-images\75347\75347_alt4.jpg","n/a","additional image"
"75347","TIE Bomber","alt","https://images.brickset.com/sets/AdditionalImages/75347-1/75347_alt5.jpg","C:\Users\auto_\Dropbox\AI_Shared\Wise_Bricks\Wise Bricks\Content\MVP\set-images\75347\75347_alt5.jpg","n/a","additional image"
"75347","TIE Bomber","alt","https://images.brickset.com/sets/AdditionalImages/75347-1/75347_alt6.jpg","C:\Users\auto_\Dropbox\AI_Shared\Wise_Bricks\Wise Bricks\Content\MVP\set-images\75347\75347_alt6.jpg","n/a","additional image"
"75347","TIE Bomber","alt","https://images.brickset.com/sets/AdditionalImages/75347-1/75347_alt7.jpg","C:\Users\auto_\Dropbox\AI_Shared\Wise_Bricks\Wise Bricks\Content\MVP\set-images\75347\75347_alt7.jpg","n/a","additional image"
"75347","TIE Bomber","alt","https://images.brickset.com/sets/AdditionalImages/75347-1/75347_alt8.jpg","C:\Users\auto_\Dropbox\AI_Shared\Wise_Bricks\Wise Bricks\Content\MVP\set-images\75347\75347_alt8.jpg","n/a","additional image"
"75347","TIE Bomber","alt","https://images.brickset.com/sets/AdditionalImages/75347-1/75347_boxprod_v39.jpg","C:\Users\auto_\Dropbox\AI_Shared\Wise_Bricks\Wise Bricks\Content\MVP\set-images\75347\75347_boxprod_v39.jpg","n/a","additional image"
"75347","TIE Bomber","play_candidate","https://images.brickset.com/sets/AdditionalImages/75347-1/75347_alt1.jpg","C:\Users\auto_\Dropbox\AI_Shared\Wise_Bricks\Wise Bricks\Content\MVP\set-images\75347\75347_alt1.jpg","medium","heuristic"
"75347","TIE Bomber","natural_candidate","https://images.brickset.com/sets/AdditionalImages/75347-1/75347_alt2.jpg","C:\Users\auto_\Dropbox\AI_Shared\Wise_Bricks\Wise Bricks\Content\MVP\set-images\75347\75347_alt2.jpg","low","heuristic"
"75347","TIE Bomber","hero_candidate","https://images.brickset.com/sets/AdditionalImages/75347-1/75347_alt1.jpg","C:\Users\auto_\Dropbox\AI_Shared\Wise_Bricks\Wise Bricks\Content\MVP\set-images\75347\75347_alt1.jpg","medium","heuristic"
"75349","Captain Rex Helmet","box","https://images.brickset.com/sets/large/75349-1.jpg?202301190240","C:\Users\auto_\Dropbox\AI_Shared\Wise_Bricks\Wise Bricks\Content\MVP\set-images\75349\box.jpg","high","main set image"
"75349","Captain Rex Helmet","alt","https://images.brickset.com/sets/AdditionalImages/75349-1/75349_alt1.jpg","C:\Users\auto_\Dropbox\AI_Shared\Wise_Bricks\Wise Bricks\Content\MVP\set-images\75349\75349_alt1.jpg","n/a","additional image"
"75349","Captain Rex Helmet","alt","https://images.brickset.com/sets/AdditionalImages/75349-1/75349_alt2.jpg","C:\Users\auto_\Dropbox\AI_Shared\Wise_Bricks\Wise Bricks\Content\MVP\set-images\75349\75349_alt2.jpg","n/a","additional image"
"75349","Captain Rex Helmet","alt","https://images.brickset.com/sets/AdditionalImages/75349-1/75349_alt3.jpg","C:\Users\auto_\Dropbox\AI_Shared\Wise_Bricks\Wise Bricks\Content\MVP\set-images\75349\75349_alt3.jpg","n/a","additional image"
"75349","Captain Rex Helmet","alt","https://images.brickset.com/sets/AdditionalImages/75349-1/75349_alt4.jpg","C:\Users\auto_\Dropbox\AI_Shared\Wise_Bricks\Wise Bricks\Content\MVP\set-images\75349\75349_alt4.jpg","n/a","additional image"
"75349","Captain Rex Helmet","alt","https://images.brickset.com/sets/AdditionalImages/75349-1/75349_alt5.jpg","C:\Users\auto_\Dropbox\AI_Shared\Wise_Bricks\Wise Bricks\Content\MVP\set-images\75349\75349_alt5.jpg","n/a","additional image"
"75349","Captain Rex Helmet","alt","https://images.brickset.com/sets/AdditionalImages/75349-1/75349_alt6.jpg","C:\Users\auto_\Dropbox\AI_Shared\Wise_Bricks\Wise Bricks\Content\MVP\set-images\75349\75349_alt6.jpg","n/a","additional image"
"75349","Captain Rex Helmet","alt","https://images.brickset.com/sets/AdditionalImages/75349-1/75349_alt7.jpg","C:\Users\auto_\Dropbox\AI_Shared\Wise_Bricks\Wise Bricks\Content\MVP\set-images\75349\75349_alt7.jpg","n/a","additional image"
"75349","Captain Rex Helmet","play_candidate","https://images.brickset.com/sets/AdditionalImages/75349-1/75349_alt1.jpg","C:\Users\auto_\Dropbox\AI_Shared\Wise_Bricks\Wise Bricks\Content\MVP\set-images\75349\75349_alt1.jpg","medium","heuristic"
"75349","Captain Rex Helmet","natural_candidate","https://images.brickset.com/sets/AdditionalImages/75349-1/75349_alt2.jpg","C:\Users\auto_\Dropbox\AI_Shared\Wise_Bricks\Wise Bricks\Content\MVP\set-images\75349\75349_alt2.jpg","low","heuristic"
"75349","Captain Rex Helmet","hero_candidate","https://images.brickset.com/sets/AdditionalImages/75349-1/75349_alt1.jpg","C:\Users\auto_\Dropbox\AI_Shared\Wise_Bricks\Wise Bricks\Content\MVP\set-images\75349\75349_alt1.jpg","medium","heuristic"
"75356","Executor Super Star Destroyer","box","https://images.brickset.com/sets/large/75356-1.jpg?202303010537","C:\Users\auto_\Dropbox\AI_Shared\Wise_Bricks\Wise Bricks\Content\MVP\set-images\75356\box.jpg","high","main set image"
"75356","Executor Super Star Destroyer","alt","https://images.brickset.com/sets/AdditionalImages/75356-1/75356_alt1.jpg","C:\Users\auto_\Dropbox\AI_Shared\Wise_Bricks\Wise Bricks\Content\MVP\set-images\75356\75356_alt1.jpg","n/a","additional image"
"75356","Executor Super Star Destroyer","alt","https://images.brickset.com/sets/AdditionalImages/75356-1/75356_alt2.jpg","C:\Users\auto_\Dropbox\AI_Shared\Wise_Bricks\Wise Bricks\Content\MVP\set-images\75356\75356_alt2.jpg","n/a","additional image"
"75356","Executor Super Star Destroyer","alt","https://images.brickset.com/sets/AdditionalImages/75356-1/75356_alt3.jpg","C:\Users\auto_\Dropbox\AI_Shared\Wise_Bricks\Wise Bricks\Content\MVP\set-images\75356\75356_alt3.jpg","n/a","additional image"
"75356","Executor Super Star Destroyer","alt","https://images.brickset.com/sets/AdditionalImages/75356-1/75356_alt4.jpg","C:\Users\auto_\Dropbox\AI_Shared\Wise_Bricks\Wise Bricks\Content\MVP\set-images\75356\75356_alt4.jpg","n/a","additional image"
"75356","Executor Super Star Destroyer","alt","https://images.brickset.com/sets/AdditionalImages/75356-1/75356_alt5.jpg","C:\Users\auto_\Dropbox\AI_Shared\Wise_Bricks\Wise Bricks\Content\MVP\set-images\75356\75356_alt5.jpg","n/a","additional image"
"75356","Executor Super Star Destroyer","alt","https://images.brickset.com/sets/AdditionalImages/75356-1/75356_alt6.jpg","C:\Users\auto_\Dropbox\AI_Shared\Wise_Bricks\Wise Bricks\Content\MVP\set-images\75356\75356_alt6.jpg","n/a","additional image"
"75356","Executor Super Star Destroyer","alt","https://images.brickset.com/sets/AdditionalImages/75356-1/75356_alt7.jpg","C:\Users\auto_\Dropbox\AI_Shared\Wise_Bricks\Wise Bricks\Content\MVP\set-images\75356\75356_alt7.jpg","n/a","additional image"
"75356","Executor Super Star Destroyer","alt","https://images.brickset.com/sets/AdditionalImages/75356-1/75356_alt8.jpg","C:\Users\auto_\Dropbox\AI_Shared\Wise_Bricks\Wise Bricks\Content\MVP\set-images\75356\75356_alt8.jpg","n/a","additional image"
"75356","Executor Super Star Destroyer","play_candidate","https://images.brickset.com/sets/AdditionalImages/75356-1/75356_alt1.jpg","C:\Users\auto_\Dropbox\AI_Shared\Wise_Bricks\Wise Bricks\Content\MVP\set-images\75356\75356_alt1.jpg","medium","heuristic"
"75356","Executor Super Star Destroyer","natural_candidate","https://images.brickset.com/sets/AdditionalImages/75356-1/75356_alt2.jpg","C:\Users\auto_\Dropbox\AI_Shared\Wise_Bricks\Wise Bricks\Content\MVP\set-images\75356\75356_alt2.jpg","low","heuristic"
"75356","Executor Super Star Destroyer","hero_candidate","https://images.brickset.com/sets/AdditionalImages/75356-1/75356_alt1.jpg","C:\Users\auto_\Dropbox\AI_Shared\Wise_Bricks\Wise Bricks\Content\MVP\set-images\75356\75356_alt1.jpg","medium","heuristic"
"75388","Jedi Bobâ€™s Starfighter","box","https://images.brickset.com/sets/large/75388-1.jpg?202401120121","C:\Users\auto_\Dropbox\AI_Shared\Wise_Bricks\Wise Bricks\Content\MVP\set-images\75388\box.jpg","high","main set image"
"75388","Jedi Bobâ€™s Starfighter","alt","https://images.brickset.com/sets/AdditionalImages/75388-1/75388_box5_v39.jpg","C:\Users\auto_\Dropbox\AI_Shared\Wise_Bricks\Wise Bricks\Content\MVP\set-images\75388\75388_box5_v39.jpg","n/a","additional image"
"75388","Jedi Bobâ€™s Starfighter","alt","https://images.brickset.com/sets/AdditionalImages/75388-1/75388_boxprod_v39_sha.jpg","C:\Users\auto_\Dropbox\AI_Shared\Wise_Bricks\Wise Bricks\Content\MVP\set-images\75388\75388_boxprod_v39_sha.jpg","n/a","additional image"
"75388","Jedi Bobâ€™s Starfighter","alt","https://images.brickset.com/sets/AdditionalImages/75388-1/75388_lifestyle_build.jpg","C:\Users\auto_\Dropbox\AI_Shared\Wise_Bricks\Wise Bricks\Content\MVP\set-images\75388\75388_lifestyle_build.jpg","n/a","additional image"
"75388","Jedi Bobâ€™s Starfighter","alt","https://images.brickset.com/sets/AdditionalImages/75388-1/75388_lifestyle_cons.jpg","C:\Users\auto_\Dropbox\AI_Shared\Wise_Bricks\Wise Bricks\Content\MVP\set-images\75388\75388_lifestyle_cons.jpg","n/a","additional image"
"75388","Jedi Bobâ€™s Starfighter","alt","https://images.brickset.com/sets/AdditionalImages/75388-1/75388_lifestyle_envr.jpg","C:\Users\auto_\Dropbox\AI_Shared\Wise_Bricks\Wise Bricks\Content\MVP\set-images\75388\75388_lifestyle_envr.jpg","n/a","additional image"
"75388","Jedi Bobâ€™s Starfighter","alt","https://images.brickset.com/sets/AdditionalImages/75388-1/75388_web_lineup_nobg.jpg","C:\Users\auto_\Dropbox\AI_Shared\Wise_Bricks\Wise Bricks\Content\MVP\set-images\75388\75388_web_lineup_nobg.jpg","n/a","additional image"
"75388","Jedi Bobâ€™s Starfighter","alt","https://images.brickset.com/sets/AdditionalImages/75388-1/75388_web_pri_nobg.jpg","C:\Users\auto_\Dropbox\AI_Shared\Wise_Bricks\Wise Bricks\Content\MVP\set-images\75388\75388_web_pri_nobg.jpg","n/a","additional image"
"75388","Jedi Bobâ€™s Starfighter","alt","https://images.brickset.com/sets/AdditionalImages/75388-1/75388_web_sec02_nobg.jpg","C:\Users\auto_\Dropbox\AI_Shared\Wise_Bricks\Wise Bricks\Content\MVP\set-images\75388\75388_web_sec02_nobg.jpg","n/a","additional image"
"75388","Jedi Bobâ€™s Starfighter","play_candidate","https://images.brickset.com/sets/AdditionalImages/75388-1/75388_lifestyle_build.jpg","C:\Users\auto_\Dropbox\AI_Shared\Wise_Bricks\Wise Bricks\Content\MVP\set-images\75388\75388_lifestyle_build.jpg","medium","heuristic"
"75388","Jedi Bobâ€™s Starfighter","natural_candidate","https://images.brickset.com/sets/AdditionalImages/75388-1/75388_lifestyle_cons.jpg","C:\Users\auto_\Dropbox\AI_Shared\Wise_Bricks\Wise Bricks\Content\MVP\set-images\75388\75388_lifestyle_cons.jpg","low","heuristic"
"75388","Jedi Bobâ€™s Starfighter","hero_candidate","https://images.brickset.com/sets/AdditionalImages/75388-1/75388_boxprod_v39_sha.jpg","C:\Users\auto_\Dropbox\AI_Shared\Wise_Bricks\Wise Bricks\Content\MVP\set-images\75388\75388_boxprod_v39_sha.jpg","medium","heuristic"
"75391","Captain Rex Y-Wing Microfighter","box","https://images.brickset.com/sets/large/75391-1.jpg?202401080641","C:\Users\auto_\Dropbox\AI_Shared\Wise_Bricks\Wise Bricks\Content\MVP\set-images\75391\box.jpg","high","main set image"
"75391","Captain Rex Y-Wing Microfighter","alt","https://images.brickset.com/sets/AdditionalImages/75391-1/75391_alt1.jpg","C:\Users\auto_\Dropbox\AI_Shared\Wise_Bricks\Wise Bricks\Content\MVP\set-images\75391\75391_alt1.jpg","n/a","additional image"
"75391","Captain Rex Y-Wing Microfighter","alt","https://images.brickset.com/sets/AdditionalImages/75391-1/75391_alt2.jpg","C:\Users\auto_\Dropbox\AI_Shared\Wise_Bricks\Wise Bricks\Content\MVP\set-images\75391\75391_alt2.jpg","n/a","additional image"
"75391","Captain Rex Y-Wing Microfighter","alt","https://images.brickset.com/sets/AdditionalImages/75391-1/75391_alt3.jpg","C:\Users\auto_\Dropbox\AI_Shared\Wise_Bricks\Wise Bricks\Content\MVP\set-images\75391\75391_alt3.jpg","n/a","additional image"
"75391","Captain Rex Y-Wing Microfighter","alt","https://images.brickset.com/sets/AdditionalImages/75391-1/75391_box5_v39.jpg","C:\Users\auto_\Dropbox\AI_Shared\Wise_Bricks\Wise Bricks\Content\MVP\set-images\75391\75391_box5_v39.jpg","n/a","additional image"
"75391","Captain Rex Y-Wing Microfighter","alt","https://images.brickset.com/sets/AdditionalImages/75391-1/75391_boxprod_v39_sha.jpg","C:\Users\auto_\Dropbox\AI_Shared\Wise_Bricks\Wise Bricks\Content\MVP\set-images\75391\75391_boxprod_v39_sha.jpg","n/a","additional image"
"75391","Captain Rex Y-Wing Microfighter","alt","https://images.brickset.com/sets/AdditionalImages/75391-1/75391_lifestyle_build.jpg","C:\Users\auto_\Dropbox\AI_Shared\Wise_Bricks\Wise Bricks\Content\MVP\set-images\75391\75391_lifestyle_build.jpg","n/a","additional image"
"75391","Captain Rex Y-Wing Microfighter","alt","https://images.brickset.com/sets/AdditionalImages/75391-1/75391_lifestyle_cons.jpg","C:\Users\auto_\Dropbox\AI_Shared\Wise_Bricks\Wise Bricks\Content\MVP\set-images\75391\75391_lifestyle_cons.jpg","n/a","additional image"
"75391","Captain Rex Y-Wing Microfighter","alt","https://images.brickset.com/sets/AdditionalImages/75391-1/75391_lifestyle_cons_2.jpg","C:\Users\auto_\Dropbox\AI_Shared\Wise_Bricks\Wise Bricks\Content\MVP\set-images\75391\75391_lifestyle_cons_2.jpg","n/a","additional image"
"75391","Captain Rex Y-Wing Microfighter","alt","https://images.brickset.com/sets/AdditionalImages/75391-1/75391_lifestyle_envr.jpg","C:\Users\auto_\Dropbox\AI_Shared\Wise_Bricks\Wise Bricks\Content\MVP\set-images\75391\75391_lifestyle_envr.jpg","n/a","additional image"
"75391","Captain Rex Y-Wing Microfighter","play_candidate","https://images.brickset.com/sets/AdditionalImages/75391-1/75391_lifestyle_build.jpg","C:\Users\auto_\Dropbox\AI_Shared\Wise_Bricks\Wise Bricks\Content\MVP\set-images\75391\75391_lifestyle_build.jpg","medium","heuristic"
"75391","Captain Rex Y-Wing Microfighter","natural_candidate","https://images.brickset.com/sets/AdditionalImages/75391-1/75391_alt1.jpg","C:\Users\auto_\Dropbox\AI_Shared\Wise_Bricks\Wise Bricks\Content\MVP\set-images\75391\75391_alt1.jpg","low","heuristic"
"75391","Captain Rex Y-Wing Microfighter","hero_candidate","https://images.brickset.com/sets/AdditionalImages/75391-1/75391_alt1.jpg","C:\Users\auto_\Dropbox\AI_Shared\Wise_Bricks\Wise Bricks\Content\MVP\set-images\75391\75391_alt1.jpg","medium","heuristic"
"75401","Ahsokaâ€™s Jedi Interceptor","box","https://images.brickset.com/sets/large/75401-1.jpg?202411070921","C:\Users\auto_\Dropbox\AI_Shared\Wise_Bricks\Wise Bricks\Content\MVP\set-images\75401\box.jpg","high","main set image"
"75401","Ahsokaâ€™s Jedi Interceptor","alt","https://images.brickset.com/sets/AdditionalImages/75401-1/75401_box5_v39_en-gb.jpg","C:\Users\auto_\Dropbox\AI_Shared\Wise_Bricks\Wise Bricks\Content\MVP\set-images\75401\75401_box5_v39_en-gb.jpg","n/a","additional image"
"75401","Ahsokaâ€™s Jedi Interceptor","alt","https://images.brickset.com/sets/AdditionalImages/75401-1/75401_boxprod_v39_en-gb.jpg","C:\Users\auto_\Dropbox\AI_Shared\Wise_Bricks\Wise Bricks\Content\MVP\set-images\75401\75401_boxprod_v39_en-gb.jpg","n/a","additional image"
"75401","Ahsokaâ€™s Jedi Interceptor","alt","https://images.brickset.com/sets/AdditionalImages/75401-1/75401_lifestyle_cons_2_en-gb.jpg","C:\Users\auto_\Dropbox\AI_Shared\Wise_Bricks\Wise Bricks\Content\MVP\set-images\75401\75401_lifestyle_cons_2_en-gb.jpg","n/a","additional image"
"75401","Ahsokaâ€™s Jedi Interceptor","alt","https://images.brickset.com/sets/AdditionalImages/75401-1/75401_lifestyle_cons_en-gb.jpg","C:\Users\auto_\Dropbox\AI_Shared\Wise_Bricks\Wise Bricks\Content\MVP\set-images\75401\75401_lifestyle_cons_en-gb.jpg","n/a","additional image"
"75401","Ahsokaâ€™s Jedi Interceptor","alt","https://images.brickset.com/sets/AdditionalImages/75401-1/75401_lifestyle_envr_en-gb.jpg","C:\Users\auto_\Dropbox\AI_Shared\Wise_Bricks\Wise Bricks\Content\MVP\set-images\75401\75401_lifestyle_envr_en-gb.jpg","n/a","additional image"
"75401","Ahsokaâ€™s Jedi Interceptor","alt","https://images.brickset.com/sets/AdditionalImages/75401-1/75401_web_lineup_nobg_en-gb.jpg","C:\Users\auto_\Dropbox\AI_Shared\Wise_Bricks\Wise Bricks\Content\MVP\set-images\75401\75401_web_lineup_nobg_en-gb.jpg","n/a","additional image"
"75401","Ahsokaâ€™s Jedi Interceptor","alt","https://images.brickset.com/sets/AdditionalImages/75401-1/75401_web_pri_nobg_en-gb.jpg","C:\Users\auto_\Dropbox\AI_Shared\Wise_Bricks\Wise Bricks\Content\MVP\set-images\75401\75401_web_pri_nobg_en-gb.jpg","n/a","additional image"
"75401","Ahsokaâ€™s Jedi Interceptor","alt","https://images.brickset.com/sets/AdditionalImages/75401-1/75401_web_sec01_nobg_en-gb.jpg","C:\Users\auto_\Dropbox\AI_Shared\Wise_Bricks\Wise Bricks\Content\MVP\set-images\75401\75401_web_sec01_nobg_en-gb.jpg","n/a","additional image"
"75401","Ahsokaâ€™s Jedi Interceptor","alt","https://images.brickset.com/sets/AdditionalImages/75401-1/75401_web_sec02_nobg_en-gb.jpg","C:\Users\auto_\Dropbox\AI_Shared\Wise_Bricks\Wise Bricks\Content\MVP\set-images\75401\75401_web_sec02_nobg_en-gb.jpg","n/a","additional image"
"75401","Ahsokaâ€™s Jedi Interceptor","alt","https://images.brickset.com/sets/AdditionalImages/75401-1/75401_web_sec03_nobg_en-gb.jpg","C:\Users\auto_\Dropbox\AI_Shared\Wise_Bricks\Wise Bricks\Content\MVP\set-images\75401\75401_web_sec03_nobg_en-gb.jpg","n/a","additional image"
"75401","Ahsokaâ€™s Jedi Interceptor","play_candidate","https://images.brickset.com/sets/AdditionalImages/75401-1/75401_lifestyle_cons_2_en-gb.jpg","C:\Users\auto_\Dropbox\AI_Shared\Wise_Bricks\Wise Bricks\Content\MVP\set-images\75401\75401_lifestyle_cons_2_en-gb.jpg","medium","heuristic"
"75401","Ahsokaâ€™s Jedi Interceptor","natural_candidate","https://images.brickset.com/sets/AdditionalImages/75401-1/75401_lifestyle_cons_en-gb.jpg","C:\Users\auto_\Dropbox\AI_Shared\Wise_Bricks\Wise Bricks\Content\MVP\set-images\75401\75401_lifestyle_cons_en-gb.jpg","low","heuristic"
"75401","Ahsokaâ€™s Jedi Interceptor","hero_candidate","https://images.brickset.com/sets/AdditionalImages/75401-1/75401_boxprod_v39_en-gb.jpg","C:\Users\auto_\Dropbox\AI_Shared\Wise_Bricks\Wise Bricks\Content\MVP\set-images\75401\75401_boxprod_v39_en-gb.jpg","medium","heuristic"
"75404","Acclamator-Class Assault Ship","box","https://images.brickset.com/sets/large/75404-1.jpg?202411070921","C:\Users\auto_\Dropbox\AI_Shared\Wise_Bricks\Wise Bricks\Content\MVP\set-images\75404\box.jpg","high","main set image"
"75404","Acclamator-Class Assault Ship","alt","https://images.brickset.com/sets/AdditionalImages/75404-1/75404_box5_v39_en-gb.jpg","C:\Users\auto_\Dropbox\AI_Shared\Wise_Bricks\Wise Bricks\Content\MVP\set-images\75404\75404_box5_v39_en-gb.jpg","n/a","additional image"
"75404","Acclamator-Class Assault Ship","alt","https://images.brickset.com/sets/AdditionalImages/75404-1/75404_boxprod_v39_en-gb.jpg","C:\Users\auto_\Dropbox\AI_Shared\Wise_Bricks\Wise Bricks\Content\MVP\set-images\75404\75404_boxprod_v39_en-gb.jpg","n/a","additional image"
"75404","Acclamator-Class Assault Ship","alt","https://images.brickset.com/sets/AdditionalImages/75404-1/75404_lifestyle_build_03_en-gb.jpg","C:\Users\auto_\Dropbox\AI_Shared\Wise_Bricks\Wise Bricks\Content\MVP\set-images\75404\75404_lifestyle_build_03_en-gb.jpg","n/a","additional image"
"75404","Acclamator-Class Assault Ship","alt","https://images.brickset.com/sets/AdditionalImages/75404-1/75404_lifestyle_build_04_en-gb.jpg","C:\Users\auto_\Dropbox\AI_Shared\Wise_Bricks\Wise Bricks\Content\MVP\set-images\75404\75404_lifestyle_build_04_en-gb.jpg","n/a","additional image"
"75404","Acclamator-Class Assault Ship","alt","https://images.brickset.com/sets/AdditionalImages/75404-1/75404_lifestyle_build_05_en-gb.jpg","C:\Users\auto_\Dropbox\AI_Shared\Wise_Bricks\Wise Bricks\Content\MVP\set-images\75404\75404_lifestyle_build_05_en-gb.jpg","n/a","additional image"
"75404","Acclamator-Class Assault Ship","alt","https://images.brickset.com/sets/AdditionalImages/75404-1/75404_lifestyle_build_06_en-gb.jpg","C:\Users\auto_\Dropbox\AI_Shared\Wise_Bricks\Wise Bricks\Content\MVP\set-images\75404\75404_lifestyle_build_06_en-gb.jpg","n/a","additional image"
"75404","Acclamator-Class Assault Ship","alt","https://images.brickset.com/sets/AdditionalImages/75404-1/75404_lifestyle_cons_02_en-gb.jpg","C:\Users\auto_\Dropbox\AI_Shared\Wise_Bricks\Wise Bricks\Content\MVP\set-images\75404\75404_lifestyle_cons_02_en-gb.jpg","n/a","additional image"
"75404","Acclamator-Class Assault Ship","alt","https://images.brickset.com/sets/AdditionalImages/75404-1/75404_lifestyle_envr_03_en-gb.jpg","C:\Users\auto_\Dropbox\AI_Shared\Wise_Bricks\Wise Bricks\Content\MVP\set-images\75404\75404_lifestyle_envr_03_en-gb.jpg","n/a","additional image"
"75404","Acclamator-Class Assault Ship","alt","https://images.brickset.com/sets/AdditionalImages/75404-1/75404_web_sec01_nobg_en-gb.jpg","C:\Users\auto_\Dropbox\AI_Shared\Wise_Bricks\Wise Bricks\Content\MVP\set-images\75404\75404_web_sec01_nobg_en-gb.jpg","n/a","additional image"
"75404","Acclamator-Class Assault Ship","alt","https://images.brickset.com/sets/AdditionalImages/75404-1/75404_web_sec03_nobg_en-gb.jpg","C:\Users\auto_\Dropbox\AI_Shared\Wise_Bricks\Wise Bricks\Content\MVP\set-images\75404\75404_web_sec03_nobg_en-gb.jpg","n/a","additional image"
"75404","Acclamator-Class Assault Ship","play_candidate","https://images.brickset.com/sets/AdditionalImages/75404-1/75404_lifestyle_build_03_en-gb.jpg","C:\Users\auto_\Dropbox\AI_Shared\Wise_Bricks\Wise Bricks\Content\MVP\set-images\75404\75404_lifestyle_build_03_en-gb.jpg","medium","heuristic"
"75404","Acclamator-Class Assault Ship","natural_candidate","https://images.brickset.com/sets/AdditionalImages/75404-1/75404_lifestyle_build_04_en-gb.jpg","C:\Users\auto_\Dropbox\AI_Shared\Wise_Bricks\Wise Bricks\Content\MVP\set-images\75404\75404_lifestyle_build_04_en-gb.jpg","low","heuristic"
"75404","Acclamator-Class Assault Ship","hero_candidate","https://images.brickset.com/sets/AdditionalImages/75404-1/75404_boxprod_v39_en-gb.jpg","C:\Users\auto_\Dropbox\AI_Shared\Wise_Bricks\Wise Bricks\Content\MVP\set-images\75404\75404_boxprod_v39_en-gb.jpg","medium","heuristic"
"75405","Home One Starcruiser","box","https://images.brickset.com/sets/large/75405-1.jpg?202411070921","C:\Users\auto_\Dropbox\AI_Shared\Wise_Bricks\Wise Bricks\Content\MVP\set-images\75405\box.jpg","high","main set image"
"75405","Home One Starcruiser","alt","https://images.brickset.com/sets/AdditionalImages/75405-1/75405_box5_v39_en-gb.jpg","C:\Users\auto_\Dropbox\AI_Shared\Wise_Bricks\Wise Bricks\Content\MVP\set-images\75405\75405_box5_v39_en-gb.jpg","n/a","additional image"
"75405","Home One Starcruiser","alt","https://images.brickset.com/sets/AdditionalImages/75405-1/75405_boxprod_v39_en-gb.jpg","C:\Users\auto_\Dropbox\AI_Shared\Wise_Bricks\Wise Bricks\Content\MVP\set-images\75405\75405_boxprod_v39_en-gb.jpg","n/a","additional image"
"75405","Home One Starcruiser","alt","https://images.brickset.com/sets/AdditionalImages/75405-1/75405_lifestyle_build_03_en-gb.jpg","C:\Users\auto_\Dropbox\AI_Shared\Wise_Bricks\Wise Bricks\Content\MVP\set-images\75405\75405_lifestyle_build_03_en-gb.jpg","n/a","additional image"
"75405","Home One Starcruiser","alt","https://images.brickset.com/sets/AdditionalImages/75405-1/75405_lifestyle_build_04_en-gb.jpg","C:\Users\auto_\Dropbox\AI_Shared\Wise_Bricks\Wise Bricks\Content\MVP\set-images\75405\75405_lifestyle_build_04_en-gb.jpg","n/a","additional image"
"75405","Home One Starcruiser","alt","https://images.brickset.com/sets/AdditionalImages/75405-1/75405_lifestyle_build_06_en-gb.jpg","C:\Users\auto_\Dropbox\AI_Shared\Wise_Bricks\Wise Bricks\Content\MVP\set-images\75405\75405_lifestyle_build_06_en-gb.jpg","n/a","additional image"
"75405","Home One Starcruiser","alt","https://images.brickset.com/sets/AdditionalImages/75405-1/75405_lifestyle_cons_02_en-gb.jpg","C:\Users\auto_\Dropbox\AI_Shared\Wise_Bricks\Wise Bricks\Content\MVP\set-images\75405\75405_lifestyle_cons_02_en-gb.jpg","n/a","additional image"
"75405","Home One Starcruiser","alt","https://images.brickset.com/sets/AdditionalImages/75405-1/75405_lifestyle_envr_01_en-gb.jpg","C:\Users\auto_\Dropbox\AI_Shared\Wise_Bricks\Wise Bricks\Content\MVP\set-images\75405\75405_lifestyle_envr_01_en-gb.jpg","n/a","additional image"
"75405","Home One Starcruiser","alt","https://images.brickset.com/sets/AdditionalImages/75405-1/75405_web_sec01_nobg_en-gb.jpg","C:\Users\auto_\Dropbox\AI_Shared\Wise_Bricks\Wise Bricks\Content\MVP\set-images\75405\75405_web_sec01_nobg_en-gb.jpg","n/a","additional image"
"75405","Home One Starcruiser","alt","https://images.brickset.com/sets/AdditionalImages/75405-1/75405_web_sec03_nobg_en-gb.jpg","C:\Users\auto_\Dropbox\AI_Shared\Wise_Bricks\Wise Bricks\Content\MVP\set-images\75405\75405_web_sec03_nobg_en-gb.jpg","n/a","additional image"
"75405","Home One Starcruiser","play_candidate","https://images.brickset.com/sets/AdditionalImages/75405-1/75405_lifestyle_build_03_en-gb.jpg","C:\Users\auto_\Dropbox\AI_Shared\Wise_Bricks\Wise Bricks\Content\MVP\set-images\75405\75405_lifestyle_build_03_en-gb.jpg","medium","heuristic"
"75405","Home One Starcruiser","natural_candidate","https://images.brickset.com/sets/AdditionalImages/75405-1/75405_lifestyle_build_04_en-gb.jpg","C:\Users\auto_\Dropbox\AI_Shared\Wise_Bricks\Wise Bricks\Content\MVP\set-images\75405\75405_lifestyle_build_04_en-gb.jpg","low","heuristic"
"75405","Home One Starcruiser","hero_candidate","https://images.brickset.com/sets/AdditionalImages/75405-1/75405_boxprod_v39_en-gb.jpg","C:\Users\auto_\Dropbox\AI_Shared\Wise_Bricks\Wise Bricks\Content\MVP\set-images\75405\75405_boxprod_v39_en-gb.jpg","medium","heuristic"
